City,Country,Wind Speed,Cloudiness,Max Temperature,Humidity,Lattitude,Longitude,Date
Jamestown,US,6.91,1,73.04,73,42.097,-79.2353,1627264019
Barrow,US,18.41,90,39.22,95,71.2906,-156.7887,1627264090
Puerto Ayora,EC,7,3,71.55,88,-0.7393,-90.3518,1627264101
Alyangula,AU,10.36,66,82.27,44,-13.8483,136.4192,1627264435
Tonota,BW,7.65,0,41.7,83,-21.4833,27.4833,1627264631
Castro,BR,3.51,5,54.99,61,-24.7911,-50.0119,1627264140
New Norfolk,AU,3.24,100,53.1,84,-42.7826,147.0587,1627264092
Boysun,UZ,3.71,0,85.55,19,38.2061,67.1986,1627264631
Ushuaia,AR,4.61,40,33.46,86,-54.8,-68.3,1627264073
Bluff,NZ,1.52,100,48.79,84,-46.6,168.3333,1627264078
Wanning,CN,3.27,87,85.17,76,18.8003,110.3967,1627264632
Nísia Floresta,BR,6.29,15,75.58,94,-6.0911,-35.2086,1627264632
Bathsheba,BB,13.8,75,79.41,89,13.2167,-59.5167,1627264632
Nola,IT,0.29,88,81.93,66,40.922,14.5329,1627264633
Severo-Kuril'sk,RU,3.49,74,59.34,88,50.6789,156.125,1627264169
Mar del Plata,AR,5.99,40,48.22,58,-38.0023,-57.5575,1627263900
Tiksi,RU,8.88,83,56.1,79,71.6872,128.8694,1627264074
Hermanus,ZA,9.51,100,51.8,51,-34.4187,19.2345,1627264079
Faanui,PF,8.75,48,78.06,67,-16.4833,-151.75,1627264176
Vardø,NO,21.41,65,45.9,76,70.3705,31.1107,1627264158
Rikitea,PF,6.02,22,71.51,73,-23.1203,-134.9692,1627264069
Port Alfred,ZA,11.9,43,59.74,31,-33.5906,26.891,1627264117
Narsaq,GL,1.34,100,46.62,62,60.9167,-46.05,1627264096
Cabo San Lucas,MX,7,1,92.52,66,22.8909,-109.9124,1627264634
Bredasdorp,ZA,5.75,100,51.28,66,-34.5322,20.0403,1627264098
Buala,SB,8.46,23,83.97,74,-8.145,159.5921,1627264414
Channel-Port aux Basques,CA,6.44,12,55.8,88,47.5702,-59.1367,1627264278
Bengkulu,ID,2.51,0,81.16,63,-3.8004,102.2655,1627264204
Saint-Philippe,RE,11.5,58,65.75,70,-21.3585,55.7679,1627264106
Spearfish,US,1.99,1,89.82,38,44.4908,-103.8594,1627264448
Kapaa,US,4,40,87.78,78,22.0752,-159.319,1627264065
Saint George,US,5.99,20,87.33,56,37.1041,-113.5841,1627264124
Chui,UY,4.9,3,58.37,97,-33.6971,-53.4616,1627264208
Ubari,LY,9.44,0,78.55,26,26.5921,12.7805,1627264635
Mayo,US,1.99,1,84.61,83,38.8876,-76.5119,1627264227
Abu Dhabi,AE,2.3,91,96.91,55,24.4667,54.3667,1627264550
Somerset,US,1.01,36,81.09,88,40.5668,-74.5496,1627264532
Esperance,AU,22.48,3,57.04,72,-33.8667,121.9,1627264177
Hong Kong,HK,1.01,47,90.97,82,22.2855,114.1577,1627264150
Cape Town,ZA,1.14,0,62.11,32,-33.9258,18.4232,1627264067
Saint Paul Harbor,US,8.05,1,54.91,82,57.79,-152.4072,1627264076
Mataura,NZ,1.57,100,48.47,88,-46.1927,168.8643,1627264070
Albany,US,4.09,0,72.25,94,42.6001,-73.9662,1627263852
Brodick,GB,1.3,67,58.84,82,55.5754,-5.1472,1627264636
Kattivākkam,IN,15.19,100,84.29,63,13.2167,80.3167,1627264637
Berlevåg,NO,16.89,100,45.25,82,70.8578,29.0864,1627264157
Cidreira,BR,5.39,83,67.53,70,-30.1811,-50.2056,1627264148
Atuona,PF,24.85,6,78.28,71,-9.8,-139.0333,1627264123
Punta Arenas,CL,16.11,0,33.91,93,-53.15,-70.9167,1627264080
Lagoa,PT,11.65,9,68.85,84,39.05,-27.9833,1627264141
Nikolskoye,RU,4.34,89,63.81,62,59.7035,30.7861,1627264109
Ribeira Grande,PT,15.23,5,70.23,84,38.5167,-28.7,1627264100
Iracoubo,GF,6.24,100,76.68,88,5.4802,-53.2011,1627264637
Jipijapa,EC,4.12,75,69.3,92,-1.3333,-80.5833,1627264638
Fortuna,US,4,90,57.92,90,40.5982,-124.1573,1627264217
Dingle,PH,15.97,95,86.67,67,10.9995,122.6711,1627264066
Kribi,CM,6.04,96,75.54,86,2.95,9.9167,1627264638
San Rafael,AR,6.08,34,46.96,45,-34.6177,-68.3301,1627264639
Mount Gambier,AU,17.27,75,57.11,88,-37.8333,140.7667,1627264138
Torbay,CA,11.5,90,56.57,93,47.6666,-52.7314,1627264096
Ostrovnoy,RU,19.26,88,45.52,83,68.0531,39.5131,1627263904
Denpasar,ID,6.91,40,76.66,88,-8.65,115.2167,1627264383
Beroroha,MG,4.29,6,56.89,70,-21.6667,45.1667,1627264639
São João da Barra,BR,14.32,0,69.66,75,-21.6403,-41.0511,1627263970
Phonhong,LA,2.04,100,80.42,97,18.5007,102.4166,1627264640
East London,ZA,6.51,32,58.69,26,-33.0153,27.9116,1627264222
Rongcheng,CN,11.79,100,77.85,96,30.634,117.8517,1627264640
Butaritari,KI,15.84,99,78.96,87,3.0707,172.7902,1627264064
Dwārka,IN,23.96,100,81.9,85,22.2394,68.9678,1627264202
Yellowknife,CA,1.01,20,60.3,47,62.456,-114.3525,1627263864
Emerald,AU,13.8,29,69.35,28,-23.5333,148.1667,1627264285
Arraial do Cabo,BR,25.99,0,69.8,77,-22.9661,-42.0278,1627264124
Hilo,US,8.05,90,78.53,91,19.7297,-155.09,1627264405
Constantine,DZ,2.3,40,85.41,26,36.365,6.6147,1627264641
Aripuanã,BR,1.3,5,76.1,52,-9.1667,-60.6333,1627264415
Capão da Canoa,BR,5.68,99,67.55,69,-29.7456,-50.0097,1627264641
Zhigansk,RU,2.95,3,74.28,55,66.7697,123.3711,1627264013
Sola,VU,10.76,18,80.33,78,-13.8833,167.55,1627264095
Mogzon,RU,4.85,100,61.2,71,51.7435,111.9606,1627264642
Yangambi,CD,3.8,71,71.35,86,0.8102,24.4336,1627264642
Thompson,CA,6.91,75,62.76,42,55.7435,-97.8558,1627263856
Cockburn Town,TC,16.49,100,82.13,83,21.4612,-71.1419,1627264085
Choma,ZM,8.68,0,44.26,74,-16.8065,26.9531,1627264642
Tuatapere,NZ,0.45,100,48.81,93,-46.1333,167.6833,1627264150
Kaitangata,NZ,4.68,100,47.53,92,-46.2817,169.8464,1627264099
Lebu,CL,17.6,26,48.42,82,-37.6167,-73.65,1627264122
Lata,PT,2.95,98,66.04,97,40.1629,-8.3327,1627264394
Kloulklubed,PW,17.31,100,81.1,78,7.0419,134.2556,1627264159
Santiago del Estero,AR,6.51,2,54.81,49,-27.7951,-64.2615,1627264643
Vestmannaeyjar,IS,17.34,100,50.67,78,63.4427,-20.2734,1627264114
Maragogi,BR,11.16,18,73.54,87,-9.0122,-35.2225,1627264356
Hithadhoo,MV,5.84,100,80.98,75,-0.6,73.0833,1627264082
Leh,IN,6.17,71,70.48,43,34.1667,77.5833,1627264136
Sydney,AU,1.01,75,67.6,53,-33.8679,151.2073,1627264543
Kroya,ID,2.71,12,78.44,71,-7.6331,109.2461,1627264644
Vaini,TO,9.22,20,80.76,83,-21.2,-175.2,1627264072
Vanavara,RU,5.37,81,78.24,40,60.34,102.2797,1627263777
Lavrentiya,RU,3.04,100,44.58,98,65.5833,-171,1627264164
Oleksandrivka,UA,4.29,93,69.57,65,48.9634,32.2349,1627264644
Big Rapids,US,0,1,71.91,74,43.6981,-85.4837,1627264645
Whitley Bay,GB,4.61,20,59.2,98,55.0397,-1.4471,1627264645
Ahipara,NZ,13.73,66,59.11,82,-35.1667,173.1667,1627264099
Ossora,RU,6.67,96,62.33,85,59.2353,163.0719,1627264164
Ichnya,UA,3.71,11,62.51,78,50.8626,32.3942,1627264646
Huilong,CN,29.53,100,81.03,94,31.8111,121.655,1627264217
Jinchang,CN,14.54,100,76.69,37,38.4953,102.1739,1627264437
Broken Hill,AU,12.66,0,56.91,54,-31.95,141.4333,1627263881
Palmer,US,0,75,74.01,83,42.1584,-72.3287,1627264142
Adeje,ES,2.3,0,72.21,48,28.1227,-16.726,1627264646
Benguela,AO,3.47,4,68.68,78,-12.5763,13.4055,1627264201
Richards Bay,ZA,6.96,0,54.68,86,-28.783,32.0377,1627264266
Aklavik,CA,12.86,100,56.23,80,68.2191,-135.0107,1627264206
Mahon,ES,5.75,0,70.36,83,39.8885,4.2658,1627264286
Saskylakh,RU,16.37,89,59.65,56,71.9167,114.0833,1627264075
Talnakh,RU,3.47,99,59.67,89,69.4865,88.3972,1627264448
George Town,MY,0,20,85.95,83,5.4112,100.3354,1627264066
Iqaluit,CA,5.99,75,49.73,81,63.7506,-68.5145,1627263881
Dikson,RU,7.67,37,44.71,72,73.5069,80.5464,1627264174
Hamilton,US,2.98,88,79.99,82,39.1834,-84.5333,1627264570
Kambove,CD,7.43,96,49.3,62,-10.8764,26.5969,1627264647
Chokurdakh,RU,8.72,39,54.23,43,70.6333,147.9167,1627264160
Barguzin,RU,1.34,95,73.2,53,53.6167,109.6167,1627264648
Norman Wells,CA,13.8,75,71.64,56,65.282,-126.8329,1627264102
Half Moon Bay,US,10.36,20,83.91,68,37.4636,-122.4286,1627263970
Odienné,CI,3,88,69.13,98,9.51,-7.5692,1627264648
Tuktoyaktuk,CA,9.22,75,48.2,87,69.4541,-133.0374,1627264071
Alofi,NU,5.75,7,82.29,69,-19.0595,-169.9187,1627264224
Sirte,LY,10.87,0,78.75,69,31.2089,16.5887,1627264263
Itoman,JP,14.97,75,86.38,89,26.1247,127.6694,1627264649
Labuhan,ID,5.5,3,81.05,64,-6.8844,112.2051,1627264358
Mabaruma,GY,2.1,99,71.62,99,8.2,-59.7833,1627264117
Clyde River,CA,3.44,90,34.03,100,70.4692,-68.5914,1627264081
Hualmay,PE,9.71,12,63.39,85,-11.0964,-77.6139,1627264650
Saldanha,ZA,20.89,100,62.91,41,-33.0117,17.9442,1627264252
Romitan,UZ,13.8,0,82.35,30,39.9343,64.3814,1627264650
Mahdalynivka,UA,7.49,80,64.96,56,48.921,34.9156,1627264650
Biak,ID,6.55,63,80.56,73,-0.9131,122.8766,1627264126
Port Elizabeth,ZA,4.61,0,43.09,81,-33.918,25.5701,1627264181
Naze,JP,17.16,100,81.52,90,28.3667,129.4833,1627264264
Ruteng,ID,0.96,7,72.75,39,-8.6136,120.4721,1627264464
Guerrero Negro,MX,16.4,1,70.02,77,27.9769,-114.0611,1627264091
Turukhansk,RU,5.55,76,74.84,53,65.8167,87.9833,1627264207
Cherskiy,RU,13.35,0,54.93,46,68.75,161.3,1627264179
Whitehorse,CA,4,75,69.03,37,60.7161,-135.0538,1627264246
Laguna,US,5.99,1,101.44,31,38.421,-121.4238,1627264088
Maniitsoq,GL,10.13,100,46.36,75,65.4167,-52.9,1627264475
Miyako,JP,7.49,29,77.09,66,39.6367,141.9525,1627264288
Hobart,AU,9.22,40,53.46,66,-42.8794,147.3294,1627264095
Les Cayes,HT,4.5,56,78.44,85,18.2,-73.75,1627264552
Salta,AR,1.01,75,59.59,59,-24.7859,-65.4117,1627264652
Jizan,SA,8.14,68,81.54,76,17.3333,42.6667,1627264413
Novikovo,RU,3.38,0,59.99,66,51.1537,37.8879,1627264652
San Joaquin,US,12.73,100,97.11,30,37.9333,-121.3011,1627264652
Kapoeta,SS,9.48,99,70.54,63,4.7717,33.5903,1627264226
Sompeta,IN,6.78,79,86.56,68,18.9333,84.6,1627264653
Meulaboh,ID,2.75,86,81.18,76,4.1363,96.1285,1627264199
The Pas,CA,2.84,90,64.42,82,53.8251,-101.2541,1627264388
Sasovo,RU,4.38,56,58.46,59,54.3537,41.9199,1627264443
Deltona,US,0,40,83.23,89,28.9005,-81.2637,1627264438
Flers,FR,4.47,99,59.25,99,48.7372,-0.5747,1627264653
Weligama,LK,11.54,90,79.52,86,5.9667,80.4167,1627264469
Sambava,MG,12.46,7,65.68,84,-14.2667,50.1667,1627264654
Adjumani,UG,1.77,100,66.81,89,3.3779,31.7909,1627264654
Aldan,RU,7,2,67.3,58,58.6031,125.3894,1627264240
Bowen,AU,11.77,41,75.42,39,-20.0167,148.2333,1627264087
Mossamedes,AO,7.09,0,68.97,62,-15.1961,12.1522,1627264201
Torrington,US,2.44,3,73.78,95,41.8007,-73.1212,1627264655
Raymond Terrace,AU,20.71,20,67.95,45,-32.75,151.75,1627264655
Bandarbeyla,SO,23.89,80,76.57,79,9.4942,50.8122,1627264242
Khakhea,BW,9.26,55,41.85,67,-24.6895,23.494,1627264656
Longyearbyen,SJ,8.05,75,44.44,87,78.2186,15.6401,1627264125
Fort-Shevchenko,KZ,14.25,0,81.23,64,44.5086,50.263,1627264425
Qaanaaq,GL,1.36,100,38.91,69,77.484,-69.3632,1627264103
Chumikan,RU,5.7,43,74.44,59,54.7183,135.315,1627264656
Mahébourg,MU,10.36,75,70.09,64,-20.4081,57.7,1627264072
Coyhaique,CL,3.44,0,31.95,80,-45.5752,-72.0662,1627264274
Busselton,AU,25.17,1,64.04,71,-33.65,115.3333,1627264075
Carballo,ES,1.79,95,63.55,93,43.213,-8.691,1627264657
Ladispoli,IT,13.42,100,87.3,64,41.9537,12.0735,1627264657
Sakaiminato,JP,8.05,20,87.78,58,35.55,133.2333,1627264657
Provideniya,RU,4.47,90,50.11,81,64.3833,-173.3,1627264113
Houston,US,1.99,1,91.6,64,29.7633,-95.3633,1627264047
South Lake Tahoe,US,5.75,40,85.05,26,38.9332,-119.9844,1627264281
Khao Yoi,TH,5.06,100,83.98,76,13.2403,99.8243,1627264658
Mitú,CO,0.98,38,69.6,99,1.1983,-70.1733,1627264093
Flinders,AU,8.99,60,64.38,56,-34.5833,150.8552,1627264077
Río Gallegos,AR,19.57,0,33.85,80,-51.6226,-69.2181,1627264555
Kasulu,TZ,4.61,7,56.82,70,-4.5767,30.1025,1627264658
Lüderitz,NA,10.42,82,65.26,27,-26.6481,15.1594,1627264125
Dakar,SN,7.16,97,79.68,81,14.6937,-17.4441,1627264659
Jasper,US,1.01,0,79.68,80,37.2001,-94.3502,1627264659
Nemuro,JP,8.52,0,73.83,87,43.3236,145.575,1627264278
Kavieng,PG,4.25,30,83.79,68,-2.5744,150.7967,1627264103
Abu Samrah,SY,5.1,0,77.36,58,35.3029,37.1841,1627264659
Avarua,CK,10.36,20,78.85,73,-21.2078,-159.775,1627264093
Sisimiut,GL,5.73,100,49.55,72,66.9395,-53.6735,1627264126
Road Town,VG,17.56,94,77.2,80,18.4167,-64.6167,1627264660
Bela Vista,BR,5.61,2,72.63,45,-22.1089,-56.5211,1627264660
Kysyl-Syr,RU,8.12,0,84.43,42,63.8986,122.7617,1627264139
Maumere,ID,3.02,44,81.79,58,-8.6199,122.2111,1627264661
Gorin,RU,2.91,100,74.84,83,51.1983,136.6669,1627264661
Port-Cartier,CA,7.52,100,62.82,97,50.0334,-66.8654,1627264661
Tiarei,PF,3.56,3,82.42,68,-17.5333,-149.3333,1627264662
San Quintín,MX,7.94,100,68.52,82,30.4833,-115.95,1627264129
Sibolga,ID,1.03,53,83.46,68,1.7427,98.7792,1627264662
Leningradskiy,RU,6.58,99,39.92,85,69.3833,178.4167,1627264077
Bilma,NE,12.44,99,88.59,42,18.6853,12.9164,1627264131
College,US,3.44,75,72,53,64.8569,-147.8028,1627264173
Portland,US,3,0,90.37,41,45.5234,-122.6762,1627264496
Sioux Lookout,CA,9.22,40,75.58,46,50.1001,-91.917,1627264111
Llano de Piedra,PA,3.56,100,73.11,93,7.6667,-80.5667,1627264663
Raahe,FI,7.96,100,55.49,94,64.6833,24.4833,1627264663
Helena,US,3,0,89.35,18,46.5927,-112.0361,1627264663
Assiut,EG,9.35,0,78.98,54,27.181,31.1837,1627264664
Khatanga,RU,1.99,70,59.74,59,71.9667,102.5,1627264072
Moree,AU,3.44,74,57.22,51,-29.4667,149.85,1627264120
Acandí,CO,2.21,99,75.78,88,8.5063,-77.2778,1627264664
Jishu,CN,12.66,100,87.93,46,44.3167,126.8,1627264664
Biasca,CH,2.15,100,69.44,95,46.3597,8.9697,1627264665
Ulcinj,ME,4.59,3,77.22,52,41.9294,19.2244,1627264658
Pisco,PE,8.05,0,62.65,77,-13.7,-76.2167,1627264108
Kyra,RU,6.29,100,63.59,65,49.5776,111.9753,1627264665
Dodge City,US,1.99,96,78.94,86,37.7528,-100.0171,1627264613
Pevek,RU,10.11,79,35.94,88,69.7008,170.3133,1627264182
Bethel,US,2.46,0,75.02,90,41.3712,-73.414,1627263932
Evensk,RU,8.84,100,49.42,99,61.95,159.2333,1627264666
Constitución,CL,9.8,100,50.56,93,-35.3333,-72.4167,1627264434
Fallon,US,8.05,75,96.67,15,39.4735,-118.7774,1627264068
Rawson,AR,12.8,0,43.16,50,-43.3002,-65.1023,1627264666
Dickinson,US,1.01,79,90.18,78,29.4608,-95.0513,1627264458
Tasiilaq,GL,4.5,27,41.16,84,65.6145,-37.6368,1627264195
Tessalit,ML,8.55,88,91.78,32,20.1986,1.0114,1627264667
Kupang,ID,2.3,20,81.18,61,-10.1667,123.5833,1627264667
Namatanai,PG,1.66,98,82.9,72,-3.6667,152.4333,1627264280
Carnarvon,AU,3.44,90,59.07,61,-24.8667,113.6333,1627264127
Kaeo,NZ,12.55,16,59.54,84,-35.1,173.7833,1627264667
Kailua,US,12.66,75,83.14,70,21.4022,-157.7394,1627264668
Buraidah,SA,6.11,25,91.85,20,26.326,43.975,1627264668
Valle de Allende,MX,8.75,29,80.4,26,26.9333,-105.4,1627264668
Pacific Grove,US,5.01,75,81.28,86,36.6177,-121.9166,1627264208
São Filipe,CV,6.04,74,73.71,77,14.8961,-24.4956,1627264179
Ixtapa,MX,4,49,83.23,81,20.7,-105.2,1627264669
Sayyan,YE,2.37,80,60.17,75,15.1718,44.3244,1627264435
Nouadhibou,MR,17.27,20,69.78,94,20.931,-17.0347,1627264142
Caravelas,BR,5.61,2,68.83,84,-17.7125,-39.2481,1627264299
Bānsi,IN,8.95,100,84.67,76,27.1833,82.9333,1627264669
Bambous Virieux,MU,10.36,75,70.05,64,-20.3428,57.7575,1627264104
Kashgar,CN,6.71,0,81.61,29,39.4547,75.9797,1627264670
Griffith,US,3.44,1,83.89,68,41.5284,-87.4237,1627264670
Mae Hong Son,TH,0,75,77.14,88,19.3003,97.9685,1627264670
Olafsvik,IS,17.22,93,49.5,86,64.8945,-23.7142,1627264112
Jaicós,BR,9.89,6,74.39,44,-7.3592,-41.1378,1627264671
Rio Grande,BR,7.45,9,62.49,81,-32.035,-52.0986,1627264238
Thunder Bay,CA,6.91,40,78.98,37,48.4001,-89.3168,1627264671
Pavlodar,KZ,8.95,40,69.6,78,52.3,76.95,1627264671
Ponta do Sol,PT,2.21,3,75,81,32.6667,-17.1,1627264180
Port Hardy,CA,2.3,75,66.38,77,50.6996,-127.4199,1627264169
Freeport,US,4,1,81.18,88,40.6576,-73.5832,1627264068
Ouadda,CF,3,100,68.47,96,8.0777,22.4007,1627264111
Uchiza,PE,2.93,56,73.99,68,-8.4592,-76.4633,1627264672
Luocheng,CN,1.1,0,81.46,82,29.3848,104.0286,1627264672
Hay River,CA,8.05,20,60.78,55,60.8156,-115.7999,1627264582
Quatre Cocos,MU,11.05,7,69.91,61,-20.2078,57.7625,1627264673
Kimberley,ZA,8.05,54,40.69,42,-28.7323,24.7623,1627264673
La Palma,US,5.01,10,86.67,72,33.8464,-118.0467,1627264673
Khani,GE,3.02,41,58.57,89,41.9563,42.9566,1627264674
Kinkala,CG,3.71,25,66.51,84,-4.3614,14.7644,1627264674
Karratha,AU,2.06,78,77.04,36,-20.7377,116.8463,1627264098
Mahibadhoo,MV,10.36,100,82.2,77,3.7833,72.9667,1627263897
Padang,ID,0.74,16,84.25,68,-0.9492,100.3543,1627264163
Nome,US,11.5,90,51.87,82,64.5011,-165.4064,1627264188
Yulara,AU,8.05,0,64.24,29,-25.2406,130.9889,1627264103
Neuquén,AR,3.44,0,46.29,81,-38.9516,-68.0591,1627264503
Wajima,JP,3.44,40,88.48,58,37.4,136.9,1627264675
Nioro,GM,5.23,41,76.48,78,13.35,-15.75,1627264675
Kindu,CD,5.53,66,75.4,37,-2.95,25.95,1627264675
Ilhabela,BR,4.05,0,66.45,54,-23.7781,-45.3581,1627264676
Souillac,MU,10.36,75,70.18,64,-20.5167,57.5167,1627264126
Macao,MO,4.61,20,90.72,74,22.2006,113.5461,1627264676
Lorengau,PG,5.93,35,85.26,65,-2.0226,147.2712,1627264132
Oranjestad,AW,8.05,40,80.55,89,12.524,-70.027,1627264676
Cap Malheureux,MU,15.41,0,70.29,59,-19.9842,57.6142,1627264221
Luena,AO,5.57,6,48.02,61,-11.7833,19.9167,1627264677
Kruisfontein,ZA,11.59,100,54.59,34,-34.0033,24.7314,1627264107
Virbalis,LT,6.91,100,65.57,74,54.6267,22.8169,1627264677
Alot,IN,14.41,100,74.89,95,23.7667,75.55,1627264678
Lompoc,US,12.66,90,76.69,79,34.6391,-120.4579,1627264244
Mungwi,ZM,3.74,9,41.52,89,-10.1732,31.3694,1627264678
Henderson,US,21.85,1,102.54,27,36.0397,-114.9819,1627264457
Houma,US,1.01,11,86,81,29.5958,-90.7195,1627264678
Monrovia,LR,6.6,38,75.76,80,6.3005,-10.7969,1627264283
Simões,BR,11.14,5,70.59,54,-7.5989,-40.8178,1627264679
Gweta,BW,9.37,0,45.5,67,-20.1833,25.2333,1627264679
Semnan,IR,5.68,0,81,44,35.5729,53.3971,1627264679
Huarmey,PE,9.71,1,64.92,87,-10.0681,-78.1522,1627263874
Nueva Gorgona,PA,4.61,100,78.22,94,8.55,-79.8667,1627264680
Panzhihua,CN,1.16,28,78.76,68,26.5851,101.7128,1627264680
Ust-Kuyga,RU,2.55,100,61.66,57,70.0167,135.6,1627264203
Hirara,JP,8.05,75,88.07,84,24.8,125.2833,1627264174
Xining,CN,3.29,100,60.87,65,36.6167,101.7667,1627264681
Fereydūnkenār,IR,10.63,96,81.7,78,36.6864,52.5225,1627264681
Bariloche,AR,4.61,20,31.75,55,-41.1456,-71.3082,1627264681
Bathurst,AU,5.01,93,50.97,84,-33.4166,149.5806,1627264682
Machico,PT,4.61,20,75,82,32.7,-16.7667,1627264682
Nuuk,GL,3,100,49.87,71,64.1835,-51.7216,1627264657
Morón,AR,4,0,56.95,94,-34.6534,-58.6198,1627264682
Sitka,US,1.9,100,54.23,89,57.0531,-135.33,1627264443
Hofn,IS,11.65,20,51.3,89,64.2539,-15.2082,1627264176
Upernavik,GL,3.83,99,42.71,74,72.7868,-56.1549,1627264139
Chicama,PE,5.7,18,64.94,86,-7.8447,-79.1469,1627264683
Nelson Bay,AU,4,0,67.95,53,-32.7167,152.15,1627264191
Athabasca,CA,8.61,100,73.09,34,54.7169,-113.2854,1627264683
Primero de Enero,CU,6.98,59,74.89,93,21.9469,-78.4283,1627264684
Airai,TL,3.38,83,74.84,26,-8.9266,125.4092,1627264197
Brus Laguna,HN,2.04,78,75.6,89,15.75,-84.4833,1627264684
Port Lincoln,AU,21.27,64,59.86,68,-34.7333,135.8667,1627264115
Santa Lucía,ES,23.02,20,64.76,68,27.9117,-15.5407,1627264684
Lashio,MM,0.6,88,73.47,87,22.9333,97.75,1627264685
Chanderi,IN,11.83,100,79.25,85,24.7167,78.1333,1627264685
Pundaguitan,PH,10,64,84.52,71,6.3711,126.1689,1627264685
Soe,ID,7.16,38,80.92,31,-9.8607,124.284,1627264686
Malm,NO,2.55,32,55.78,92,64.0721,11.2172,1627264686
San Juan,AR,9.31,0,51.87,38,-31.5375,-68.5364,1627264608
Hervey Bay,AU,8.86,11,68.11,38,-25.2986,152.8535,1627264194
Mataram,ID,3.65,59,79.61,55,-8.5833,116.1167,1627264686
Riyadh,SA,7.38,3,87.94,19,24.6877,46.7219,1627264523
Colac,AU,16.6,100,57.61,87,-38.3333,143.5833,1627264687
Effium,NG,5.23,99,79.21,90,6.6292,8.0593,1627264687
Nanortalik,GL,11.12,91,44.15,75,60.1432,-45.2371,1627264223
Nador,MA,16.11,0,77.07,57,35.174,-2.9287,1627264688
Acapulco de Juárez,MX,11.5,75,84.02,79,16.8634,-99.8901,1627264119
Neyshabur,IR,11.3,0,82.87,18,36.2133,58.7958,1627264688
Camaná,PE,4.74,47,60.93,84,-16.6228,-72.7111,1627264276
Cullman,US,1.01,40,79.86,86,34.1748,-86.8436,1627264689
Dubbo,AU,9.22,90,53.73,66,-32.25,148.6167,1627264689
San Ramon,US,5.99,89,89.82,54,37.7799,-121.978,1627264625
Plouzané,FR,5.75,90,62.78,97,48.3833,-4.6167,1627264689
Donegal,IE,2.53,85,57.42,96,54.65,-8.1167,1627264690
Valleyview,CA,9.22,99,73.44,33,55.0667,-117.2859,1627264690
El Alto,PE,11.97,90,64.36,88,-4.2714,-81.2147,1627264690
Kayseri Province,TR,0,0,62.62,77,38.737,35.4968,1627264690
Erzin,TR,1.66,0,75,72,36.9559,36.2,1627264691
Verkhnevilyuysk,RU,7.78,0,83.01,43,63.4453,120.3167,1627264212
Victor Harbor,AU,3,88,60.73,74,-35.5667,138.6167,1627264476
Maningrida,AU,11.65,100,84.85,39,-12.0667,134.2667,1627264150
San Miguel,SV,2.37,37,74.52,97,13.4833,-88.1833,1627264691
Mil'kovo,RU,4.25,11,79.47,49,54.7167,158.6167,1627264692
Aranos,NA,14.12,47,45.19,59,-24.1333,19.1167,1627264692
Sungai Penuh,ID,1.83,38,73.81,69,-2.0833,101.3833,1627264692
Kardamás,GR,2.3,0,76.91,88,37.7667,21.3333,1627264693
Antofagasta,CL,7.16,51,58.28,82,-23.65,-70.4,1627263947
San Patricio,US,9.64,3,85.53,73,28.017,-97.5169,1627264194
Beberibe,BR,13.18,27,78.84,84,-4.1797,-38.1306,1627264693
Hambantota,LK,6.91,75,77.34,100,6.1241,81.1185,1627264246
Noumea,NC,11.34,98,78.78,67,-22.2763,166.4572,1627264455
Tokur,RU,2.26,100,67.6,82,53.1333,132.9,1627264694
Kuragaki-kosugi,JP,1.01,75,93.22,58,36.7167,137.1,1627264694
Puławy,PL,4,44,68.31,76,51.4166,21.9694,1627264694
Watertown,US,1.01,74,73.06,90,42.3709,-71.1828,1627264547
Isangel,VU,16.37,98,75.33,75,-19.55,169.2667,1627264202
Le Mars,US,4.61,1,81.77,78,42.7942,-96.1656,1627264695
Calvinia,ZA,10.76,100,47.35,37,-31.4707,19.776,1627264695
Bumba,CD,2.62,100,71.28,90,2.1833,22.4667,1627264696
Chateaubelair,VC,8.3,100,79.41,85,13.2833,-61.25,1627264696
Metro,ID,1.97,100,77.47,74,-5.1131,105.3067,1627264696
Bubaque,GW,8.37,100,79.16,82,11.2833,-15.8333,1627264697
Comodoro Rivadavia,AR,8.05,0,42.66,52,-45.8667,-67.5,1627264697
Awjilah,LY,9.44,0,76.24,40,29.1081,21.2869,1627264697
Kropotkin,RU,10.51,0,70.75,57,45.4375,40.5756,1627264697
Batemans Bay,AU,11.05,61,63.91,45,-35.7167,150.1833,1627264698
Sabang,ID,12.97,100,82.67,77,5.8933,95.3214,1627264131
Shetpe,KZ,9.48,0,77.4,43,44.1667,52.1167,1627264698
Santa Vitória do Palmar,BR,5.68,0,59.41,96,-33.5189,-53.3681,1627264698
Codrington,AU,18.66,98,57.09,85,-38.2667,141.9667,1627264151
Soyo,AO,5.08,19,70.74,94,-6.1349,12.3689,1627264699
Finnsnes,NO,1.57,98,49.96,97,69.2296,17.9811,1627264699
Grand Gaube,MU,15.5,0,70.2,58,-20.0064,57.6608,1627264296
Kaniama,CD,9.53,18,65.32,39,-7.5667,24.1833,1627264699
Geraldton,AU,14.97,16,58.12,82,-28.7667,114.6,1627264238
Merauke,ID,10.38,95,81.61,64,-8.4667,140.3333,1627264259
Medicine Hat,CA,1.99,40,88.23,26,50.0501,-110.6683,1627264504
Malé,MV,11.5,90,80.55,89,4.1748,73.5089,1627264700
Smithers,CA,3.44,75,61.12,67,54.7804,-127.1743,1627264467
Taoudenni,ML,7.07,0,97.7,7,22.6783,-3.9836,1627264153
Musāfir-Khāna,IN,7.81,100,84.06,72,26.3667,81.8,1627264701
Harper,LR,7.02,58,75.76,77,4.375,-7.7169,1627264701
Asău,RO,3.96,4,63.75,82,46.4333,26.4,1627264234
North Bend,US,24.16,90,65.91,90,43.4065,-124.2243,1627264701
San Luis,AR,12.41,0,47.01,55,-33.295,-66.3356,1627264702
Goundi,TD,0.38,100,71.98,97,9.3627,17.366,1627264702
Maradi,NE,13.98,100,80.26,71,13.5,7.1017,1627264702
Trincomalee,LK,23.17,100,82.27,74,8.5711,81.2335,1627264299
Nantucket,US,16.11,90,73.99,89,41.2835,-70.0995,1627264703
Saint-Joseph,RE,11.68,29,64.76,70,-21.3667,55.6167,1627264138
Jales,BR,6.73,0,64.85,37,-20.2689,-50.5458,1627264463
Moose Factory,CA,12.66,1,59,88,51.2585,-80.6094,1627264703
Toppenish,US,7,0,99.7,21,46.3774,-120.3087,1627264108
Salalah,OM,4.61,75,78.89,83,17.0151,54.0924,1627264178
Ancud,CL,7.16,7,38.73,79,-41.8697,-73.8203,1627264704
Poconé,BR,6.02,6,76.68,36,-16.2567,-56.6228,1627264704
Marsh Harbour,BS,14.07,91,82.45,78,26.5412,-77.0636,1627264704
Mamlyutka,KZ,11.95,0,54.99,58,54.9375,68.5394,1627264705
Mauá,BR,4.56,0,67.35,47,-23.6678,-46.4614,1627264705
Hasaki,JP,20.47,99,82.29,65,35.7333,140.8333,1627264705
San Andrés,CO,10.36,75,82.42,83,12.5847,-81.7006,1627264422
Omboué,GA,2.75,97,73.06,83,-1.5746,9.2618,1627264425
Palmar,CR,2.46,100,79.23,94,9.8728,-84.4553,1627264706
West Bay,KY,2.3,20,84.27,75,19.3667,-81.4167,1627264706
Ngama,TD,1.41,100,73.89,90,11.7833,17.1667,1627264706
Maputo,MZ,5.64,14,55.81,84,-25.9653,32.5892,1627264448
Yar-Sale,RU,6.26,89,51.69,68,66.8333,70.8333,1627264707
Salme,NP,1.1,100,66.49,95,28.0369,85.0942,1627264707
Kismayo,SO,21.74,88,74.98,78,-0.3582,42.5454,1627264707
Raudeberg,NO,6.42,100,63.27,87,61.9875,5.1352,1627264708
Lucapa,AO,5.37,100,61.16,41,-8.4192,20.7447,1627264708
Velyka Bilozerka,UA,7.78,27,68.95,59,47.2776,34.7062,1627264708
Crawfordsville,US,0,1,78.62,88,40.0411,-86.8745,1627264708
Tandil,AR,3,87,44.11,84,-37.3217,-59.1332,1627264638
Mfou,CM,4.09,97,66.49,93,3.7159,11.6427,1627264709
Huesca,ES,9.22,0,65.05,70,42.1362,-0.4087,1627264436
Honiara,SB,5.64,87,84.15,71,-9.4333,159.95,1627264266
Trairi,BR,10.54,5,77.32,82,-3.2778,-39.2689,1627264474
Porto Belo,BR,6.78,5,66.96,86,-27.1578,-48.5531,1627264709
Los Llanos de Aridane,ES,14.97,90,67.75,94,28.6585,-17.9182,1627264710
Ofakim,IL,5.01,10,76.75,83,31.3141,34.6203,1627264710
Belmonte,BR,7.23,51,66.7,86,-15.8631,-38.8828,1627264710
Dunedin,NZ,14,100,51.8,76,-45.8742,170.5036,1627264136
Yangi Marg`ilon,UZ,11.5,0,83.12,32,40.4272,71.7189,1627264711
Adrar,MR,8.95,0,88.39,20,20.5022,-10.0711,1627264711
High Level,CA,8.05,75,71.71,49,58.5169,-117.136,1627264236
Escobal,PA,2.48,100,77.88,95,9.1472,-79.9619,1627264711
Douglas,US,0,1,81.7,72,41.3,-96.167,1627264712
City of San Pedro,PH,17.27,75,87.31,73,14.35,121.0167,1627264151
Talaya,RU,1.36,100,60.8,88,61.3833,152.75,1627264712
Angoche,MZ,15.48,87,71.24,61,-16.2325,39.9086,1627264187
Marrakesh,MA,2.3,0,75.27,57,31.6315,-8.0083,1627264482
Osmeña,PH,10.09,100,84.61,74,10.5208,119.9258,1627264713
Kadyy,RU,4.59,92,55.94,62,57.787,43.1903,1627264245
Bintulu,MY,5.75,20,86.41,84,3.1667,113.0333,1627264713
Carutapera,BR,4.99,13,75.83,87,-1.195,-46.02,1627264206
Kiruna,SE,5.75,5,41.92,100,67.8557,20.2251,1627264288
Kayasula,RU,7.45,35,72.7,51,44.325,45,1627264714
Katsuura,JP,20.58,57,86.18,64,35.1333,140.3,1627264143
Nouakchott,MR,17.2,7,76.93,82,18.0858,-15.9785,1627264537
Maceió,BR,9.22,75,72.84,94,-9.6658,-35.7353,1627264242
Chapais,CA,4.5,73,53.38,90,49.7834,-74.8492,1627264155
Turaif,SA,11.5,0,80.85,47,31.6725,38.6637,1627264715
Chake Chake,TZ,15.32,23,74.53,68,-5.2459,39.7666,1627264715
Sarishābāri,BD,10.47,100,82.42,88,24.7333,89.8333,1627264716
Sotnikovo,RU,4.47,98,71.69,60,51.8845,107.4791,1627264716
Alugan,PH,10.2,100,89.28,57,12.2188,125.4808,1627264279
Goderich,CA,2.3,0,71.91,83,43.7501,-81.7165,1627264140
Iranshahr,IR,3.89,6,90.99,37,27.2025,60.6848,1627264716
Rovaniemi,FI,5.75,0,58.41,88,66.5,25.7167,1627264216
Tsabong,BW,11.63,79,43.45,56,-26.0217,22.401,1627264717
Yabassi,CM,0.78,100,76.64,96,4.457,9.9682,1627264717
Qaqortoq,GL,1.72,100,46.51,70,60.7167,-46.0333,1627264240
Srednekolymsk,RU,15.37,63,57.38,39,67.45,153.6833,1627264718
Makkah al Mukarramah,SA,4.21,33,84.61,36,21.4267,39.8261,1627264718
Omsukchan,RU,4.07,100,54,97,62.5333,155.8,1627264194
Mehamn,NO,13.76,100,44.74,81,71.0357,27.8492,1627264204
Roebourne,AU,2.84,80,77.22,34,-20.7833,117.1333,1627264453
Saint-François,FR,2.3,0,66.18,88,46.4154,3.9054,1627264718
Semey,KZ,11.18,40,77.22,44,50.4111,80.2275,1627264719
Deputatsky,RU,5.17,100,57.31,53,69.3,139.9,1627264719
‘Āhuimanu,US,12.66,75,91.11,66,21.4447,-157.8378,1627264235
Ukiah,US,6.91,1,97.52,20,39.1502,-123.2078,1627264438
Yārāda,IN,14.97,75,82.72,83,17.65,83.2667,1627264719
Ketchikan,US,1.21,97,57.51,87,55.3422,-131.6461,1627264720
Ula,IN,5.75,75,85.98,89,22.7225,88.5556,1627264720
Marsá Maţrūḩ,EG,11.5,0,77.2,69,31.3525,27.2453,1627264720
Guadalupe y Calvo,MX,4.43,100,52.84,98,26.1,-106.9667,1627264721
San Cristobal,VE,2.66,97,69.98,99,7.7669,-72.225,1627264440
La Ronge,CA,6.91,75,64.65,72,55.1001,-105.2842,1627264129
Mitsamiouli,KM,13.31,74,76.1,69,-11.3847,43.2844,1627264130
Bahile,PH,7.11,100,86.25,64,9.9995,118.7878,1627264721
Preobrazheniye,RU,5.95,9,81.61,70,42.9019,133.9064,1627264722
Cartagena,CO,2.3,75,82.02,78,10.3997,-75.5144,1627264186
Klaksvík,FO,8.9,100,50.92,95,62.2266,-6.589,1627264142
Luleå,SE,2.3,39,57.27,94,65.5842,22.1547,1627264722
Te Anau,NZ,1.59,100,46.8,92,-45.4167,167.7167,1627264446
Karlovac,HR,2.71,42,71.15,94,45.4872,15.5478,1627264722
Kawalu,ID,2.8,8,78.69,63,-7.3817,108.2082,1627264723
Puerto Baquerizo Moreno,EC,13.04,36,71.33,79,-0.9,-89.6,1627264723
Tura,IN,4.32,100,79.52,88,25.5198,90.2201,1627264723
Yerbogachën,RU,2.93,52,79.11,41,61.2767,108.0108,1627264435
Mogok,MM,2.01,100,66.54,99,22.9167,96.5,1627264724
Barão de Melgaço,BR,5.68,5,79.32,36,-16.1944,-55.9675,1627264724
Vanimo,PG,4.09,58,83.46,63,-2.6741,141.3028,1627263829
Lingen,DE,4.29,91,65.3,89,52.5167,7.3167,1627264724
Vao,NC,19.62,87,70.72,65,-22.6667,167.4833,1627264725
Chernyshevskiy,RU,4.18,2,81.09,38,63.0128,112.4714,1627264725
Juneau,US,2.73,90,60.84,86,58.3019,-134.4197,1627264725
Fécamp,FR,8.63,91,64.11,96,49.7579,0.3746,1627264725
Ilulissat,GL,10.36,40,50.02,43,69.2167,-51.1,1627264128
Gravdal,NO,3.98,100,53.4,91,68.1214,13.5031,1627264726
Port Blair,IN,19.24,89,83.35,82,11.6667,92.75,1627264726
Baruun-Urt,MN,13.87,100,66.25,56,46.6806,113.2792,1627264726
Deyang,CN,2.91,21,81.57,79,31.1302,104.382,1627264727
Yeppoon,AU,5.28,6,69.58,39,-23.1333,150.7333,1627264212
Macusani,PE,3.69,13,32.27,90,-14.0833,-70.4333,1627264727
Haines Junction,CA,9.22,100,64.35,45,60.7522,-137.5108,1627264727
Mogadishu,SO,19.37,6,76.28,76,2.0371,45.3438,1627264248
Ndélé,CF,2.98,100,70.45,97,8.4109,20.6473,1627264728
Banjar,ID,2.84,1,76.86,50,-8.19,114.9675,1627264728
Coahuayana Viejo,MX,3.02,29,81.88,86,18.7333,-103.6833,1627264230
Fairbanks,US,4.61,90,69.6,56,64.8378,-147.7164,1627264457
Cayenne,GF,0,90,77.09,91,4.9333,-52.3333,1627264729
Assaí,BR,3.98,0,67.86,48,-23.3733,-50.8414,1627264729
Gurupi,BR,3.67,43,72.41,44,-11.7292,-49.0686,1627264729
Knysna,ZA,8.52,91,66.58,44,-34.0363,23.0471,1627264729
Panevezys,LT,5.66,35,61.72,65,55.7333,24.35,1627264569
Biryusinsk,RU,6.87,15,73.56,56,55.9634,97.8235,1627264730
Krasnosel'kup,RU,11.12,100,59.07,76,65.7,82.4667,1627264237
Waipawa,NZ,13.91,98,55.02,83,-41.4122,175.5153,1627264292
Ilo,PE,7.36,59,59.97,88,-17.6394,-71.3375,1627264730
Safi,MA,11.88,0,68.5,90,32.2994,-9.2372,1627264731
Batticaloa,LK,4.85,100,82.54,68,7.7102,81.6924,1627264731
Rach Gia,VN,15.9,100,82.35,77,10.0167,105.0833,1627264731
Pangody,RU,10,99,52.18,68,65.85,74.4859,1627264731
Natal,BR,10.36,75,75.42,83,-5.795,-35.2094,1627264484
Basco,PH,28.72,100,82.89,87,20.4487,121.9702,1627264443
Hilton Head,US,4.61,20,82.98,83,32.2163,-80.7526,1627264732
Auki,SB,3.09,82,83.41,70,-8.7676,160.7034,1627264241
Amboasary,MG,4.94,1,58.84,75,-25.0333,46.3833,1627264732
Puerto Escondido,MX,4.38,70,81.14,83,15.85,-97.0667,1627264733
Necochea,AR,10.83,5,45.01,87,-38.5473,-58.7368,1627264199
Teahupoo,PF,5.46,4,76.96,69,-17.8333,-149.2667,1627264733
Tolaga Bay,NZ,21.23,100,52.75,91,-38.3667,178.3,1627264733
Türkan,AZ,23.02,20,80.78,69,40.3639,50.215,1627264734
Khovd,MN,3.85,23,68.92,48,48.0056,91.6419,1627264734
Bara,NG,8.61,99,71.37,97,10.3744,10.7288,1627264734
Nishihara,JP,14.97,75,85.66,89,26.1842,127.7558,1627264734
Varhaug,NO,14.29,51,69.85,61,58.6147,5.6457,1627264735
Dudinka,RU,5.73,83,60.66,62,69.4058,86.1778,1627264735
Kholm,RU,4.92,93,58.01,68,59.2667,32.85,1627264735
Cuautlalpan,MX,8.05,75,64.98,59,19.4373,-98.905,1627264736
Kieta,PG,4.27,26,83.77,72,-6.2167,155.6333,1627264195
Popondetta,PG,3.04,100,72.93,99,-8.7537,148.2534,1627264736
Praia,CV,6.96,98,74.86,75,14.9215,-23.5087,1627264736
Grenå,DK,16.17,100,68.22,86,56.4158,10.8783,1627264737
Belaya Gora,RU,9.86,8,60.3,34,68.5333,146.4167,1627264273
Altagracia de Orituco,VE,1.39,98,71.87,93,9.8601,-66.3814,1627264737
Uglekamensk,RU,4.68,63,88.54,53,43.2172,133.2303,1627264737
Rrëshen,AL,4.7,2,67.28,51,41.7675,19.8756,1627264738
Amapá,BR,2.24,12,70.68,97,1,-52,1627264738
Abomey,BJ,7.31,55,70.02,86,7.1829,1.9912,1627264738
Barra da Estiva,BR,2.8,0,55.51,90,-13.6261,-41.3269,1627264739
Vila Velha,BR,2.3,40,66.15,88,-20.3297,-40.2925,1627264739
Kudahuvadhoo,MV,6.4,100,82.58,73,2.6708,72.8944,1627264267
Morondava,MG,13.18,90,68.38,57,-20.2833,44.2833,1627264739
Warri,NG,4.23,90,71.55,86,5.5167,5.75,1627264739
Liverpool,GB,1.99,75,62.69,79,53.4106,-2.9779,1627264740
Shelburne,CA,7.83,0,70.56,55,44.0787,-80.2041,1627264740
St. George's,GD,9.93,100,79.68,86,12.0564,-61.7485,1627264469
Kahului,US,8.01,34,83.46,92,20.8947,-156.47,1627264741
Inuvik,CA,10.36,90,56.26,85,68.3499,-133.7218,1627264741
Cairns,AU,14.97,40,82.06,57,-16.9167,145.7667,1627264479
Beidao,CN,4.03,100,69.75,83,34.5686,105.8933,1627264741
Rota,ES,11.5,0,73.22,83,36.6224,-6.3586,1627264742
Husavik,IS,15.14,0,53.51,65,66.0449,-17.3389,1627264742
Balyqshy,KZ,8.95,0,68,42,47.0667,51.8667,1627264742
Kidodi,TZ,3.83,24,60.19,57,-7.6036,37.0044,1627264742
Qingquan,CN,6.42,79,85.15,68,30.4511,115.2559,1627264743
Nipawin,CA,5.75,75,75.24,38,53.3668,-104.0009,1627264743
Pontal do Paraná,BR,3.85,4,69.46,78,-25.6533,-48.5128,1627264743
La Paz,BO,5.75,40,39.18,55,-16.5,-68.15,1627264612
Yuli,NG,4.79,97,71.33,97,9.6989,10.2744,1627264744
Ascension,US,3.44,1,86.04,80,30.2169,-90.9001,1627264744
Ürümqi,CN,6.71,0,86.95,19,43.801,87.6005,1627264551
